id,Dorsal,Nombre,Apellido,Team,Posicion,OPS,%_On_Base,Slugging,Fecha Nac,Edad,F_Debut,Lugar_Nacimiento,Pais,Peso,Estatura(mtrs),Mano_Bateo,Mano_Lanzar,Juegos_Jugados,Turnos_Bate,Carrera,Hits,Dobles,Triple,Jonrones,Carreras_Impulsadas,Boletos,Ponches,Bases_Robadas,Atrapado_Robando,Promedio,Link_Ficha_Player,IMC
592450,99,Aaron,Judge,NYY,RF,1.111,0.425,0.686,1992-04-26,31,2016-08-13, CA,USA,127.91,2.01,R,R,157,570,133,177,28,0,62,131,111,175,16,3,0.311,https://www.mlb.com/es/player/592450,31.660107423083595
670541,44,Yordan,Alvarez,HOU,LF,1.0190000000000001,0.406,0.613,1997-06-27,25,2019-06-09, Cuba,Cuba,102.06,1.96,L,R,135,470,95,144,29,2,37,97,78,106,1,1,0.306,https://www.mlb.com/es/player/670541,26.56705539358601
502671,46,Paul,Goldschmidt,STL,1B,0.982,0.404,0.578,1987-09-10,35,2011-08-01, DE,USA,99.79,1.91,R,R,151,561,106,178,41,0,35,115,79,141,7,0,0.317,https://www.mlb.com/es/player/502671,27.35396507771169
514888,27,Jose,Altuve,HOU,2B,0.92,0.387,0.533,1990-05-06,33,2011-07-20, Venezuela,Venezuela,75.3,1.68,R,R,141,527,103,158,39,0,28,57,66,87,18,1,0.3,https://www.mlb.com/es/player/514888,26.679421768707485
518692,5,Freddie,Freeman,LAD,1B,0.9179999999999999,0.407,0.511,1989-09-12,33,2010-09-01, CA,USA,99.79,1.96,L,R,159,612,117,199,47,2,21,100,84,102,13,3,0.325,https://www.mlb.com/es/player/518692,25.976155768429823
592518,13,Manny,Machado,SD,3B,0.897,0.366,0.531,1992-07-06,30,2012-08-09, FL,USA,98.88,1.91,R,R,150,578,100,172,37,1,32,102,63,133,9,1,0.298,https://www.mlb.com/es/player/592518,27.104520161179792
571448,28,Nolan,Arenado,STL,3B,0.891,0.358,0.533,1991-04-16,32,2013-04-28, CA,USA,97.52,1.88,R,R,148,557,73,163,42,1,30,103,52,72,5,3,0.293,https://www.mlb.com/es/player/571448,27.591670439112722
646240,11,Rafael,Devers,BOS,3B,0.879,0.358,0.521,1996-10-24,26,2017-07-25, Dominican Republic,Dominican Republic,108.86,1.83,L,R,141,555,84,164,42,1,27,88,50,114,3,1,0.295,https://www.mlb.com/es/player/646240,32.506196064379346
663586,27,Austin,Riley,ATL,3B,0.877,0.349,0.528,1997-04-02,26,2019-05-15, TN,USA,108.86,1.91,R,R,159,615,90,168,39,2,38,93,57,168,2,0,0.273,https://www.mlb.com/es/player/663586,29.840190784243855
660271,17,Shohei,Ohtani,LAA,TWP,0.875,0.356,0.519,1994-07-05,28,2018-03-29, Japan,Japan,95.25,1.93,L,R,157,586,90,160,30,6,34,95,72,161,11,9,0.273,https://www.mlb.com/es/player/660271,25.571156272651617
605141,50,Mookie,Betts,LAD,RF,0.873,0.34,0.533,1992-10-07,30,2014-06-29, TN,USA,81.65,1.75,R,R,142,572,117,154,40,3,35,82,55,104,12,2,0.269,https://www.mlb.com/es/player/605141,26.66122448979592
624413,20,Pete,Alonso,NYM,1B,0.87,0.352,0.518,1994-12-07,28,2019-03-28, FL,USA,111.13,1.91,R,R,160,597,95,162,27,0,40,131,67,128,5,1,0.271,https://www.mlb.com/es/player/624413,30.462432499109124
608070,11,Jose,Ramirez,CLE,3B,0.869,0.355,0.514,1992-09-17,30,2013-09-01, Dominican Republic,Dominican Republic,86.18,1.75,S,R,157,601,90,168,44,5,29,126,69,82,20,7,0.28,https://www.mlb.com/es/player/608070,28.14040816326531
677594,44,Julio,Rodriguez,SEA,CF,0.854,0.345,0.509,2000-12-29,22,2022-04-08, Dominican Republic,Dominican Republic,103.42,1.91,R,R,132,511,84,145,25,3,28,75,40,145,25,7,0.284,https://www.mlb.com/es/player/677594,28.34900359091034
665742,22,Juan,Soto,SD,LF,0.853,0.401,0.452,1998-10-25,24,2018-05-15, Dominican Republic,Dominican Republic,101.6,1.88,L,L,153,524,93,127,25,2,27,62,135,96,6,2,0.242,https://www.mlb.com/es/player/665742,28.746038931643277
663993,30,Nathaniel,Lowe,TEX,1B,0.85,0.358,0.492,1995-07-07,27,2019-04-29, VA,USA,99.79,1.93,L,R,157,593,74,179,26,3,27,76,48,147,2,2,0.302,https://www.mlb.com/es/player/663993,26.789980939085616
665926,0,Andres,Gimenez,CLE,2B,0.837,0.371,0.466,1998-09-04,24,2020-07-24, Venezuela,Venezuela,73.03,1.55,L,R,146,491,66,146,26,3,17,69,34,112,20,3,0.297,https://www.mlb.com/es/player/665926,30.39750260145681
643446,1,Jeff,McNeil,NYM,2B,0.8360000000000001,0.382,0.454,1992-04-08,31,2018-07-24, CA,USA,88.45,1.85,L,R,148,533,73,174,39,1,9,62,40,61,4,0,0.326,https://www.mlb.com/es/player/643446,25.843681519357194
593428,2,Xander,Bogaerts,BOS,SS,0.833,0.377,0.456,1992-10-01,30,2013-08-20, Aruba,Aruba,98.88,1.88,R,R,150,557,84,171,38,0,15,73,57,118,8,2,0.307,https://www.mlb.com/es/player/593428,27.976459936622906
621043,4,Carlos,Correa,MIN,SS,0.833,0.366,0.467,1994-09-22,28,2015-06-08, Puerto Rico,Puerto Rico,99.79,1.93,R,R,136,522,70,152,24,1,22,64,61,121,0,1,0.291,https://www.mlb.com/es/player/621043,26.789980939085616
621493,3,Taylor,Ward,LAA,LF,0.833,0.36,0.473,1993-12-14,29,2018-08-14, OH,USA,90.72,1.85,R,R,135,495,73,139,22,2,23,65,60,120,5,3,0.281,https://www.mlb.com/es/player/621493,26.506939371804233
656941,12,Kyle,Schwarber,PHI,LF,0.827,0.323,0.504,1993-03-05,30,2015-06-16, OH,USA,103.87,1.83,L,R,155,577,100,126,21,3,46,94,86,200,10,1,0.218,https://www.mlb.com/es/player/656941,31.01615455821314
547989,79,Jose,Abreu,CWS,1B,0.8240000000000001,0.378,0.446,1987-01-29,36,2014-03-31, Cuba,Cuba,106.59,1.91,R,R,157,601,85,183,40,0,15,75,62,110,0,0,0.304,https://www.mlb.com/es/player/547989,29.217949069378584
650490,2,Yandy,Diaz,TB,1B,0.8240000000000001,0.401,0.423,1991-08-08,31,2017-04-03, Cuba,Cuba,97.52,1.88,R,R,137,473,71,140,33,0,9,57,78,60,3,3,0.296,https://www.mlb.com/es/player/650490,27.591670439112722
608324,2,Alex,Bregman,HOU,3B,0.8200000000000001,0.366,0.454,1994-03-30,29,2016-07-25, NM,USA,87.09,1.83,R,R,155,548,93,142,38,0,23,93,87,77,1,2,0.259,https://www.mlb.com/es/player/608324,26.00555406252799
592663,10,J.T.,Realmuto,PHI,C,0.8200000000000001,0.342,0.478,1991-03-18,32,2014-06-05, OK,USA,96.16,1.85,R,R,139,504,75,139,26,5,22,84,41,119,21,1,0.276,https://www.mlb.com/es/player/592663,28.09642074506939
665489,27,Vladimir,Guerrero,TOR,1B,0.819,0.339,0.48,1999-03-16,24,2019-04-26, Canada,Canada,111.13,1.88,R,R,160,638,90,175,35,0,32,97,58,116,8,3,0.274,https://www.mlb.com/es/player/665489,31.442394748755092
519203,48,Anthony,Rizzo,NYY,1B,0.8180000000000001,0.338,0.48,1989-08-08,33,2011-06-09, FL,USA,108.86,1.91,L,L,130,465,77,104,21,1,32,75,58,101,6,5,0.224,https://www.mlb.com/es/player/519203,29.840190784243855
516782,6,Starling,Marte,NYM,RF,0.815,0.347,0.468,1988-10-09,34,2012-07-26, Dominican Republic,Dominican Republic,88.45,1.85,R,R,118,466,76,136,24,5,16,63,26,97,18,9,0.292,https://www.mlb.com/es/player/516782,25.843681519357194
543807,4,George,Springer,TOR,RF,0.8140000000000001,0.342,0.472,1989-09-19,33,2014-04-16, CT,USA,99.79,1.91,R,R,133,513,89,137,22,4,25,76,54,100,14,2,0.267,https://www.mlb.com/es/player/543807,27.35396507771169
592273,23,Brandon,Drury,SD,2B,0.812,0.32,0.492,1992-08-21,30,2015-09-01, OR,USA,104.33,1.88,R,R,138,518,87,136,31,2,28,87,38,126,2,3,0.263,https://www.mlb.com/es/player/592273,29.518447261204166
607208,7,Trea,Turner,LAD,SS,0.809,0.343,0.466,1993-06-30,29,2015-08-21, FL,USA,83.91,1.88,R,R,160,652,101,194,39,4,21,100,45,131,27,3,0.298,https://www.mlb.com/es/player/607208,23.74094612947035
669257,16,Will,Smith,LAD,C,0.808,0.343,0.465,1995-03-28,28,2019-05-28, KY,USA,88.45,1.55,R,R,137,508,68,132,26,3,24,87,56,96,1,0,0.26,https://www.mlb.com/es/player/669257,36.81581685744016
663656,30,Kyle,Tucker,HOU,RF,0.808,0.33,0.478,1997-01-17,26,2018-07-07, FL,USA,90.26,1.93,L,R,150,544,71,140,28,1,30,107,59,95,25,4,0.257,https://www.mlb.com/es/player/663656,24.23152299390588
606192,35,Teoscar,Hernandez,TOR,RF,0.8069999999999999,0.316,0.491,1992-10-15,30,2016-08-12, Dominican Republic,Dominican Republic,97.52,1.88,R,R,131,499,71,133,35,1,25,77,34,152,6,3,0.267,https://www.mlb.com/es/player/606192,27.591670439112722
592669,12,Hunter,Renfroe,MIL,RF,0.8069999999999999,0.315,0.492,1992-01-28,31,2016-09-21, MS,USA,104.33,1.85,R,R,125,474,62,121,23,1,29,72,39,121,1,1,0.255,https://www.mlb.com/es/player/592669,30.483564645726805
668804,10,Bryan,Reynolds,PIT,LF,0.806,0.345,0.461,1995-01-27,28,2019-04-20, MD,USA,92.99,1.91,S,R,145,542,74,142,19,4,27,62,56,141,7,3,0.262,https://www.mlb.com/es/player/668804,25.48998108604479
572233,53,Christian,Walker,AZ,1B,0.804,0.327,0.477,1991-03-28,32,2014-09-17, PA,USA,94.35,1.83,R,R,160,583,84,141,25,2,36,94,69,131,2,2,0.242,https://www.mlb.com/es/player/572233,28.1734300815193
666182,11,Bo,Bichette,TOR,SS,0.802,0.333,0.469,1998-03-05,25,2019-07-29, FL,USA,86.18,1.83,R,R,159,652,91,189,43,1,24,93,41,155,13,8,0.29,https://www.mlb.com/es/player/666182,25.733823046373434
621566,28,Matt,Olson,ATL,1B,0.802,0.325,0.477,1994-03-29,29,2016-09-12, GA,USA,102.06,1.96,L,R,162,616,86,148,44,0,34,103,75,170,0,0,0.24,https://www.mlb.com/es/player/621566,26.56705539358601
607043,9,Brandon,Nimmo,NYM,CF,0.8,0.367,0.433,1993-03-27,30,2016-06-26, WY,USA,93.44,1.91,L,R,151,580,102,159,30,7,16,64,71,116,3,2,0.274,https://www.mlb.com/es/player/607043,25.613332967846276
650333,3,Luis,Arraez,MIN,2B,0.7949999999999999,0.375,0.42,1997-04-09,26,2019-05-18, Venezuela,Venezuela,79.38,1.55,L,R,144,547,88,173,31,1,8,49,50,43,4,4,0.316,https://www.mlb.com/es/player/650333,33.04058272632674
656555,17,Rhys,Hoskins,PHI,1B,0.794,0.332,0.462,1993-03-17,30,2017-08-10, CA,USA,111.13,1.93,R,R,156,589,81,145,33,2,30,79,72,169,2,1,0.246,https://www.mlb.com/es/player/656555,29.834357969341458
553993,28,Eugenio,Suarez,SEA,3B,0.791,0.332,0.459,1991-07-18,31,2014-06-04, Venezuela,Venezuela,96.62,1.55,R,R,150,543,76,128,24,2,31,87,73,196,0,0,0.236,https://www.mlb.com/es/player/553993,40.21644120707596
502110,28,J.D.,Martinez,BOS,DH,0.789,0.341,0.448,1987-08-21,35,2011-07-30, FL,USA,104.33,1.91,R,R,139,533,76,146,43,1,16,62,52,145,0,0,0.274,https://www.mlb.com/es/player/502110,28.59844850744223
596019,12,Francisco,Lindor,NYM,SS,0.788,0.339,0.449,1993-11-14,29,2015-06-14, Puerto Rico,Puerto Rico,86.18,1.55,S,R,161,630,98,170,25,5,26,107,59,133,16,6,0.27,https://www.mlb.com/es/player/596019,35.87096774193548
457759,2,Justin,Turner,LAD,DH,0.788,0.35,0.438,1984-11-23,38,2009-09-08, CA,USA,91.63,1.55,R,R,128,468,61,130,36,0,13,81,50,89,3,0,0.278,https://www.mlb.com/es/player/457759,38.139438085327775
672386,30,Alejandro,Kirk,TOR,C,0.7869999999999999,0.372,0.415,1998-11-06,24,2020-09-12, Mexico,Mexico,111.13,1.73,R,R,139,470,59,134,19,0,14,63,63,58,0,0,0.285,https://www.mlb.com/es/player/672386,37.13121053159143
605137,55,Josh,Bell,SD,DH,0.784,0.362,0.422,1992-08-14,30,2016-07-08, TX,USA,118.39,1.93,S,R,156,552,78,147,29,3,17,71,81,102,0,1,0.266,https://www.mlb.com/es/player/605137,31.783403581304196
543068,25,C.J.,Cron,COL,1B,0.783,0.315,0.468,1990-01-05,33,2014-05-03, CA,USA,106.59,1.93,R,R,150,575,79,148,28,3,29,102,43,164,0,0,0.257,https://www.mlb.com/es/player/543068,28.615533302907462
664023,8,Ian,Happ,CHC,LF,0.782,0.342,0.44,1994-08-12,28,2017-05-13, PA,USA,92.99,1.83,S,R,158,573,72,155,42,2,17,72,58,149,9,4,0.271,https://www.mlb.com/es/player/664023,27.76732658484875
621020,7,Dansby,Swanson,ATL,SS,0.776,0.329,0.447,1994-02-11,29,2016-08-17, GA,USA,86.18,1.85,R,R,162,640,99,177,32,1,25,96,49,182,18,7,0.277,https://www.mlb.com/es/player/621020,25.18042366691015
664034,23,Ty,France,SEA,1B,0.774,0.338,0.436,1994-07-13,28,2019-04-26, CA,USA,97.52,1.55,R,R,140,551,65,151,27,1,20,83,35,94,0,0,0.274,https://www.mlb.com/es/player/664034,40.59105098855358
680757,38,Steven,Kwan,CLE,LF,0.773,0.373,0.4,1997-09-05,25,2022-04-07, CA,USA,77.11,1.75,L,L,147,563,89,168,25,7,6,52,62,60,19,5,0.298,https://www.mlb.com/es/player/680757,25.17877551020408
623993,25,Anthony,Santander,BAL,RF,0.773,0.318,0.455,1994-10-19,28,2017-08-18, Venezuela,Venezuela,104.33,1.88,S,R,152,574,78,138,24,0,33,89,55,122,0,2,0.24,https://www.mlb.com/es/player/623993,29.518447261204166
668227,56,Randy,Arozarena,TB,LF,0.772,0.327,0.445,1995-02-28,28,2019-08-14, Cuba,Cuba,83.91,1.55,R,R,153,586,72,154,41,3,20,89,46,156,32,12,0.263,https://www.mlb.com/es/player/668227,34.92611862643079
643217,23,Andrew,Benintendi,NYY,LF,0.772,0.373,0.399,1994-07-06,28,2016-08-02, OH,USA,81.65,1.75,L,L,126,461,54,140,23,3,5,51,52,77,8,3,0.304,https://www.mlb.com/es/player/643217,26.66122448979592
608369,5,Corey,Seager,TEX,SS,0.772,0.317,0.455,1994-04-27,29,2015-09-03, NC,USA,97.52,1.93,L,R,151,593,91,145,24,1,33,83,58,103,3,0,0.245,https://www.mlb.com/es/player/608369,26.180568605868615
592192,19,Mark,Canha,NYM,LF,0.77,0.367,0.403,1989-02-15,34,2015-04-08, CA,USA,94.8,1.88,R,R,140,462,71,123,24,0,13,61,48,97,3,1,0.266,https://www.mlb.com/es/player/592192,26.82209144409235
642133,11,Rowdy,Tellez,MIL,1B,0.767,0.306,0.461,1995-03-16,28,2018-09-05, CA,USA,122.47,1.93,L,L,153,529,67,116,23,0,35,89,62,121,2,1,0.219,https://www.mlb.com/es/player/642133,32.878734999597306
570482,10,Gio,Urshela,MIN,3B,0.767,0.338,0.429,1991-10-11,31,2015-06-09, Colombia,Colombia,97.52,1.83,R,R,144,501,61,143,27,3,13,64,41,96,1,0,0.285,https://www.mlb.com/es/player/570482,29.120009555376388
660670,13,Ronald,Acuna,ATL,RF,0.764,0.351,0.413,1997-12-18,25,2018-04-25, Venezuela,Venezuela,92.99,1.83,R,R,119,467,71,124,24,0,15,50,53,126,29,11,0.266,https://www.mlb.com/es/player/660670,27.76732658484875
650402,25,Gleyber,Torres,NYY,2B,0.761,0.31,0.451,1996-12-13,26,2018-04-22, Venezuela,Venezuela,92.99,1.85,R,R,140,526,73,135,28,1,24,76,39,129,10,5,0.257,https://www.mlb.com/es/player/650402,27.170197224251275
669221,12,Sean,Murphy,OAK,C,0.758,0.332,0.426,1994-10-04,28,2019-05-19, NY,USA,103.42,1.91,R,R,148,537,67,134,37,2,18,66,56,124,1,0,0.25,https://www.mlb.com/es/player/669221,28.34900359091034
656305,26,Matt,Chapman,TOR,3B,0.757,0.324,0.433,1993-04-28,30,2017-06-15, CA,USA,97.52,1.83,R,R,155,538,83,123,27,1,27,76,68,170,2,2,0.229,https://www.mlb.com/es/player/656305,29.120009555376388
642715,27,Willy,Adames,MIL,SS,0.756,0.298,0.458,1995-09-02,27,2018-05-22, Dominican Republic,Dominican Republic,97.07,1.85,R,R,139,563,83,134,31,0,31,98,49,166,8,3,0.238,https://www.mlb.com/es/player/642715,28.36230825420014
666969,53,Adolis,Garcia,TEX,RF,0.756,0.3,0.456,1993-03-02,30,2018-08-08, Cuba,Cuba,92.99,1.85,R,R,156,605,88,151,34,5,27,101,40,183,25,6,0.25,https://www.mlb.com/es/player/666969,27.170197224251275
683734,25,Andrew,Vaughn,CWS,1B,0.75,0.321,0.429,1998-04-03,25,2021-04-02, CA,USA,97.52,1.83,R,R,134,510,60,138,28,1,17,76,31,96,0,0,0.271,https://www.mlb.com/es/player/683734,29.120009555376388
664913,15,Seth,Brown,OAK,LF,0.749,0.305,0.444,1992-07-13,30,2019-08-26, OR,USA,101.15,1.85,L,L,150,500,55,115,26,3,25,73,51,146,11,2,0.23,https://www.mlb.com/es/player/664913,29.554419284149013
662139,25,Daulton,Varsho,AZ,LF,0.745,0.302,0.443,1996-07-02,26,2020-07-30, WI,USA,93.89,1.55,L,R,151,531,79,125,23,3,27,74,46,145,16,6,0.235,https://www.mlb.com/es/player/662139,39.080124869927154
641857,24,Ryan,McMahon,COL,3B,0.741,0.327,0.414,1994-12-14,28,2017-08-12, CA,USA,99.34,1.88,L,R,153,529,67,130,23,3,20,67,60,158,7,3,0.246,https://www.mlb.com/es/player/641857,28.106609325486648
668942,10,Josh,Rojas,AZ,3B,0.74,0.349,0.391,1994-06-30,28,2019-08-12, AZ,USA,93.89,1.85,L,R,125,443,66,119,25,1,9,56,55,98,23,3,0.269,https://www.mlb.com/es/player/668942,27.43316289262235
592885,22,Christian,Yelich,MIL,LF,0.738,0.355,0.383,1991-12-05,31,2013-07-23, CA,USA,93.89,1.91,L,R,154,575,99,145,25,4,14,57,88,162,19,3,0.252,https://www.mlb.com/es/player/592885,25.736684849647762
663538,2,Nico,Hoerner,CHC,2B,0.737,0.327,0.41,1997-05-13,26,2019-09-09, CA,USA,90.72,1.85,R,R,135,481,60,135,22,5,10,55,28,57,20,2,0.281,https://www.mlb.com/es/player/663538,26.506939371804233
518934,26,DJ,LeMahieu,NYY,3B,0.734,0.357,0.377,1988-07-13,34,2011-05-30, CA,USA,99.79,1.93,R,R,125,467,74,122,18,0,12,46,67,71,4,3,0.261,https://www.mlb.com/es/player/518934,26.789980939085616
453568,19,Charlie,Blackmon,COL,DH,0.733,0.314,0.419,1986-07-01,36,2011-06-07, TX,USA,100.24,1.91,L,L,135,530,60,140,22,6,16,78,32,109,4,1,0.264,https://www.mlb.com/es/player/453568,27.47731695951317
663898,7,Brendan,Rodgers,COL,2B,0.733,0.325,0.408,1996-08-09,26,2019-05-17, FL,USA,92.53,1.83,R,R,137,527,72,140,30,3,13,63,46,101,0,0,0.266,https://www.mlb.com/es/player/663898,27.629968049210184
543760,2,Marcus,Semien,TEX,2B,0.733,0.304,0.429,1990-09-17,32,2013-09-04, CA,USA,88.45,1.83,R,R,161,657,101,163,31,5,26,83,53,120,25,8,0.248,https://www.mlb.com/es/player/543760,26.41165755919854
657077,99,Alex,Verdugo,BOS,RF,0.7330000000000001,0.328,0.405,1996-05-15,27,2017-09-01, AZ,USA,87.09,1.83,L,L,152,593,75,166,39,1,11,74,42,86,1,3,0.28,https://www.mlb.com/es/player/657077,26.00555406252799
606466,4,Ketel,Marte,AZ,2B,0.728,0.321,0.407,1993-10-12,29,2015-07-31, Dominican Republic,Dominican Republic,95.25,1.85,S,R,137,492,68,118,42,2,12,52,55,101,5,1,0.24,https://www.mlb.com/es/player/606466,27.83053323593864
663624,6,Ryan,Mountcastle,BAL,1B,0.728,0.305,0.423,1997-02-18,26,2020-08-21, FL,USA,99.79,1.93,R,R,145,555,62,139,28,1,22,85,43,154,4,1,0.25,https://www.mlb.com/es/player/663624,26.789980939085616
500871,10,Eduardo,Escobar,NYM,3B,0.725,0.295,0.43,1989-01-05,34,2011-09-02, Venezuela,Venezuela,87.54,1.55,S,R,136,495,58,119,26,4,20,69,40,129,0,2,0.24,https://www.mlb.com/es/player/500871,36.43704474505723
669242,19,Tommy,Edman,STL,SS,0.724,0.324,0.4,1995-05-09,28,2019-06-08, MI,USA,81.65,1.55,S,R,153,577,95,153,31,4,13,57,46,111,32,3,0.265,https://www.mlb.com/es/player/669242,33.98543184183142
545341,15,Randal,Grichuk,COL,RF,0.724,0.299,0.425,1991-08-13,31,2014-04-28, TX,USA,97.98,1.88,R,R,141,506,60,131,21,3,19,73,24,127,4,0,0.259,https://www.mlb.com/es/player/545341,27.721819827976464
621550,16,Patrick,Wisdom,CHC,3B,0.724,0.298,0.426,1991-08-27,31,2018-08-12, CA,USA,99.79,1.88,R,R,134,469,67,97,28,0,25,66,53,183,8,4,0.207,https://www.mlb.com/es/player/621550,28.233929379809872
650859,2,Luis,Rengifo,LAA,2B,0.723,0.294,0.429,1997-02-26,26,2019-04-25, Venezuela,Venezuela,88.45,1.55,S,R,127,489,45,129,22,4,17,52,17,79,6,2,0.264,https://www.mlb.com/es/player/650859,36.81581685744016
630105,9,Jake,Cronenworth,SD,1B,0.722,0.332,0.39,1994-01-21,29,2020-07-26, MI,USA,84.82,1.83,L,R,158,587,88,140,30,4,17,88,70,131,3,0,0.239,https://www.mlb.com/es/player/630105,25.32771954970288
642731,39,Thairo,Estrada,SF,2B,0.722,0.322,0.4,1996-02-22,27,2019-04-21, Venezuela,Venezuela,83.91,1.55,R,R,140,488,71,127,22,2,14,62,33,89,21,6,0.26,https://www.mlb.com/es/player/642731,34.92611862643079
595777,29,Jurickson,Profar,SD,LF,0.722,0.331,0.391,1993-02-20,30,2012-09-02, Curacao,Curacao,83.46,1.83,S,R,152,575,82,140,36,2,15,58,73,103,5,1,0.243,https://www.mlb.com/es/player/595777,24.921616053032334
677951,7,Bobby,Witt,KC,SS,0.722,0.294,0.428,2000-06-14,22,2022-04-07, TX,USA,90.72,1.85,R,R,150,591,82,150,31,6,20,80,30,135,30,7,0.254,https://www.mlb.com/es/player/677951,26.506939371804233
656775,31,Cedric,Mullins,BAL,CF,0.7210000000000001,0.318,0.403,1994-10-01,28,2018-08-10, NC,USA,79.38,1.75,L,L,156,608,89,157,32,4,16,64,47,126,34,10,0.258,https://www.mlb.com/es/player/656775,25.919999999999998
669720,21,Austin,Hays,BAL,LF,0.719,0.306,0.413,1995-07-05,27,2017-09-07, FL,USA,90.72,1.55,R,R,145,535,66,134,35,2,16,60,34,114,2,4,0.25,https://www.mlb.com/es/player/669720,37.76066597294484
665161,3,Jeremy,Pena,HOU,SS,0.715,0.289,0.426,1997-09-22,25,2022-04-07, Dominican Republic,Dominican Republic,91.63,1.83,R,R,136,521,72,132,20,2,22,63,22,135,11,2,0.253,https://www.mlb.com/es/player/665161,27.361223088178203
642708,1,Amed,Rosario,CLE,SS,0.7150000000000001,0.312,0.403,1995-11-20,27,2017-08-01, Dominican Republic,Dominican Republic,86.18,1.88,R,R,153,637,86,180,26,9,11,71,25,111,18,4,0.283,https://www.mlb.com/es/player/642708,24.3832050701675
664761,28,Alec,Bohm,PHI,1B,0.7130000000000001,0.315,0.398,1996-08-03,26,2020-08-13, NE,USA,98.88,1.96,R,R,152,586,79,164,24,3,13,72,31,110,2,3,0.28,https://www.mlb.com/es/player/664761,25.73927530195752
571970,13,Max,Muncy,LAD,3B,0.7130000000000001,0.329,0.384,1990-08-25,32,2015-04-25, TX,USA,97.52,1.83,L,R,136,464,69,91,22,1,21,69,90,141,2,0,0.196,https://www.mlb.com/es/player/571970,29.120009555376388
527038,41,Wilmer,Flores,SF,1B,0.71,0.316,0.394,1991-08-06,31,2013-08-06, Venezuela,Venezuela,96.62,1.88,R,R,151,525,72,120,28,1,19,71,59,103,0,0,0.229,https://www.mlb.com/es/player/527038,27.337030330466277
641820,36,Trey,Mancini,HOU,1B,0.71,0.319,0.391,1992-03-18,31,2016-09-20, FL,USA,104.33,1.91,R,R,143,519,56,124,23,1,18,63,53,135,0,0,0.239,https://www.mlb.com/es/player/641820,28.59844850744223
572228,45,Luke,Voit,WSH,1B,0.71,0.308,0.402,1991-02-13,32,2017-06-25, MO,USA,117.03,1.88,R,R,135,500,55,113,22,0,22,69,55,179,1,1,0.226,https://www.mlb.com/es/player/572228,33.111702127659576
673490,7,Ha-Seong,Kim,SD,2B,0.708,0.325,0.383,1995-10-17,27,2021-04-01, South Korea,South Korea,76.2,1.75,R,R,150,517,58,130,29,3,11,59,51,100,12,2,0.251,https://www.mlb.com/es/player/673490,24.881632653061224
462101,1,Elvis,Andrus,CWS,SS,0.7070000000000001,0.303,0.404,1988-08-26,34,2009-04-06, Venezuela,Venezuela,95.25,1.83,R,R,149,535,66,133,32,0,17,58,39,92,18,4,0.249,https://www.mlb.com/es/player/462101,28.44217504255128
669004,1,MJ,Melendez,KC,RF,0.706,0.313,0.393,1998-11-29,24,2022-05-03, FL,USA,86.18,1.85,L,R,129,460,57,100,21,3,18,62,66,131,2,3,0.217,https://www.mlb.com/es/player/669004,25.18042366691015
657041,28,Lane,Thomas,WSH,RF,0.7050000000000001,0.301,0.404,1995-08-23,27,2019-04-17, TN,USA,89.81,1.83,R,R,146,498,62,120,26,2,17,52,41,132,8,4,0.241,https://www.mlb.com/es/player/657041,26.817761055869088
571657,12,Kyle,Farmer,CIN,3B,0.7010000000000001,0.315,0.386,1990-08-17,32,2017-07-30, GA,USA,92.99,1.83,R,R,145,526,58,134,25,1,14,78,33,99,4,3,0.255,https://www.mlb.com/es/player/571657,27.76732658484875
457705,22,Andrew,McCutchen,MIL,DH,0.7,0.316,0.384,1986-10-10,36,2009-06-04, FL,USA,88.45,1.55,R,R,134,515,66,122,25,0,17,69,57,124,8,6,0.237,https://www.mlb.com/es/player/457705,36.81581685744016
573262,5,Mike,Yastrzemski,SF,CF,0.6970000000000001,0.305,0.392,1990-08-23,32,2019-05-25, MA,USA,80.74,1.55,L,L,148,485,73,104,31,2,17,57,61,141,5,1,0.214,https://www.mlb.com/es/player/573262,33.60665972944849
592206,8,Nick,Castellanos,PHI,RF,0.694,0.305,0.389,1992-03-04,31,2013-09-01, FL,USA,92.08,1.93,R,R,136,524,56,138,27,0,13,62,29,130,7,1,0.263,https://www.mlb.com/es/player/592206,24.720126714811137
467793,41,Carlos,Santana,SEA,1B,0.692,0.316,0.376,1986-04-08,37,2010-06-11, Dominican Republic,Dominican Republic,97.52,1.55,S,R,131,431,52,87,18,0,19,60,71,88,0,0,0.202,https://www.mlb.com/es/player/467793,40.59105098855358
608385,33,Jesse,Winker,SEA,DH,0.688,0.344,0.344,1993-08-17,29,2017-04-14, NY,USA,104.33,1.88,L,L,136,456,51,100,15,0,14,53,84,103,0,0,0.219,https://www.mlb.com/es/player/608385,29.518447261204166
542303,20,Marcell,Ozuna,ATL,DH,0.687,0.274,0.413,1990-11-12,32,2013-04-30, Dominican Republic,Dominican Republic,102.06,1.85,R,R,124,470,56,106,19,0,23,56,31,122,2,1,0.226,https://www.mlb.com/es/player/542303,29.820306793279766
502054,28,Tommy,Pham,BOS,LF,0.6859999999999999,0.312,0.374,1988-03-08,35,2014-09-09, NV,USA,101.15,1.85,R,R,144,554,89,131,23,1,17,63,56,167,8,3,0.236,https://www.mlb.com/es/player/502054,29.554419284149013
518626,28,Josh,Donaldson,NYY,3B,0.6819999999999999,0.308,0.374,1985-12-08,37,2010-04-30, FL,USA,95.25,1.85,R,R,132,478,59,106,28,0,15,62,54,148,2,2,0.222,https://www.mlb.com/es/player/518626,27.83053323593864
572041,8,AJ,Pollock,CWS,DH,0.681,0.292,0.389,1987-12-05,35,2012-04-18, CT,USA,95.25,1.85,R,R,138,489,61,120,26,1,14,56,32,98,3,1,0.245,https://www.mlb.com/es/player/572041,27.83053323593864
641487,3,J.P.,Crawford,SEA,SS,0.675,0.339,0.336,1995-01-11,28,2017-09-05, CA,USA,91.63,1.88,L,R,145,518,57,126,24,3,6,42,68,80,3,2,0.243,https://www.mlb.com/es/player/641487,25.925192394748755
593160,15,Whit,Merrifield,TOR,2B,0.673,0.298,0.375,1989-01-24,34,2016-05-18, SC,USA,88.45,1.85,R,R,139,504,70,126,28,1,11,58,38,85,16,5,0.25,https://www.mlb.com/es/player/593160,25.843681519357194
595879,28,Javier,Baez,DET,SS,0.671,0.278,0.393,1992-12-01,30,2014-08-05, Puerto Rico,Puerto Rico,86.18,1.83,R,R,144,555,64,132,27,4,17,67,26,147,9,2,0.238,https://www.mlb.com/es/player/595879,25.733823046373434
542583,99,Jesus,Aguilar,BAL,1B,0.66,0.281,0.379,1990-06-30,32,2014-05-15, Venezuela,Venezuela,125.64,1.91,R,R,129,464,39,109,19,0,16,51,28,119,1,0,0.235,https://www.mlb.com/es/player/542583,34.43984539897481
663647,13,Ke'Bryan,Hayes,PIT,3B,0.659,0.314,0.345,1997-01-28,26,2020-09-01, TX,USA,92.99,1.55,R,R,136,505,55,123,24,3,7,41,48,122,20,5,0.244,https://www.mlb.com/es/player/663647,38.70551508844952
641355,24,Cody,Bellinger,LAD,CF,0.654,0.265,0.389,1995-07-13,27,2017-04-25, AZ,USA,92.08,1.93,L,L,144,504,70,106,27,3,19,68,38,150,14,3,0.21,https://www.mlb.com/es/player/641355,24.720126714811137
443558,32,Nelson,Cruz,WSH,DH,0.65,0.313,0.337,1980-07-01,42,2005-09-17, Dominican Republic,Dominican Republic,104.33,1.88,R,R,124,448,50,105,16,0,10,64,49,119,4,0,0.234,https://www.mlb.com/es/player/443558,29.518447261204166
493329,10,Yuli,Gurriel,HOU,1B,0.6479999999999999,0.288,0.36,1984-06-09,39,2016-08-21, Cuba,Cuba,97.52,1.83,R,R,146,545,53,132,40,0,8,53,30,73,8,0,0.242,https://www.mlb.com/es/player/493329,29.120009555376388
622761,3,Jorge,Mateo,BAL,SS,0.646,0.267,0.379,1995-06-23,27,2020-08-13, Dominican Republic,Dominican Republic,90.72,1.85,R,R,150,494,63,109,25,7,13,50,27,147,35,9,0.221,https://www.mlb.com/es/player/622761,26.506939371804233
643393,5,Tony,Kemp,OAK,2B,0.641,0.307,0.334,1991-10-31,31,2016-05-17, TN,USA,72.57,1.68,L,R,147,497,61,117,24,2,7,46,45,69,11,1,0.235,https://www.mlb.com/es/player/643393,25.71215986394558
643396,12,Isiah,Kiner-Falefa,NYY,CF,0.641,0.314,0.327,1995-03-23,28,2018-04-10, HI,USA,86.18,1.55,R,R,142,483,66,126,20,0,4,48,35,72,22,4,0.261,https://www.mlb.com/es/player/643396,35.87096774193548
514917,13,Cesar,Hernandez,WSH,2B,0.629,0.311,0.318,1990-05-23,33,2013-05-29, Venezuela,Venezuela,0.0,1.55,S,R,147,560,64,139,28,4,1,34,45,114,10,4,0.248,https://www.mlb.com/es/player/514917,0.0
663757,1,Trent,Grisham,SD,CF,0.625,0.284,0.341,1996-11-01,26,2019-08-01, TX,USA,101.6,1.55,L,L,152,451,58,83,16,2,17,53,57,150,7,1,0.184,https://www.mlb.com/es/player/663757,42.28928199791883
624428,12,Adam,Frazier,SEA,2B,0.612,0.301,0.311,1991-12-14,31,2016-06-24, GA,USA,81.65,1.55,L,R,156,541,61,129,22,4,3,42,46,73,11,6,0.238,https://www.mlb.com/es/player/624428,33.98543184183142
500743,11,Miguel,Rojas,MIA,SS,0.606,0.283,0.323,1989-02-24,34,2014-06-06, Venezuela,Venezuela,85.28,1.83,R,R,140,471,34,111,19,2,6,36,26,61,9,3,0.236,https://www.mlb.com/es/player/500743,25.465078085341453
664702,7,Myles,Straw,CLE,CF,0.5640000000000001,0.291,0.273,1994-10-17,28,2018-09-15, CA,USA,80.74,1.55,R,R,152,535,72,118,22,3,0,32,54,87,21,1,0.221,https://www.mlb.com/es/player/664702,33.60665972944849
570731,7,Jonathan,Schoop,DET,2B,0.5609999999999999,0.239,0.322,1991-10-16,31,2013-09-25, Curacao,Curacao,112.04,1.85,R,R,131,481,48,97,23,1,11,38,19,107,5,0,0.202,https://www.mlb.com/es/player/570731,32.736303871439006
